<?xml version="1.0" encoding="UTF-8"?>
<definitions xmlns="http://www.omg.org/spec/BPMN/20100524/MODEL" xmlns:xsi="http://www.w3.org/2001/XMLSchema-instance" xmlns:xsd="http://www.w3.org/2001/XMLSchema" xmlns:activiti="http://activiti.org/bpmn" xmlns:bpmndi="http://www.omg.org/spec/BPMN/20100524/DI" xmlns:omgdc="http://www.omg.org/spec/DD/20100524/DC" xmlns:omgdi="http://www.omg.org/spec/DD/20100524/DI" typeLanguage="http://www.w3.org/2001/XMLSchema" expressionLanguage="http://www.w3.org/1999/XPath" targetNamespace="http://www.activiti.org/processdef">
  <process id="process2" name="请假2" isExecutable="true">
    <startEvent id="sid-28E0A3FF-561A-4575-8D83-14A0B4088BDA" activiti:formKey="outlayForm/leave-start.form"></startEvent>
    <userTask id="sid-CA841A9E-50CE-4E14-BE4E-4800A4E66C2A" name="领导查看" activiti:assignee="张三" activiti:formKey="outlayForm/leave-audit.form"></userTask>
    <sequenceFlow id="sid-7DF7B319-7C5F-4970-A0D3-267414261AC5" sourceRef="sid-28E0A3FF-561A-4575-8D83-14A0B4088BDA" targetRef="sid-CA841A9E-50CE-4E14-BE4E-4800A4E66C2A"></sequenceFlow>
    <endEvent id="sid-B51F6C52-B314-41B4-8303-228FC8A7C5BF"></endEvent>
    <sequenceFlow id="sid-2A41B110-C4CF-4988-BB0F-5765A6EC1ED7" sourceRef="sid-CA841A9E-50CE-4E14-BE4E-4800A4E66C2A" targetRef="sid-B51F6C52-B314-41B4-8303-228FC8A7C5BF"></sequenceFlow>
  </process>
  <bpmndi:BPMNDiagram id="BPMNDiagram_process2">
    <bpmndi:BPMNPlane bpmnElement="process2" id="BPMNPlane_process2">
      <bpmndi:BPMNShape bpmnElement="sid-28E0A3FF-561A-4575-8D83-14A0B4088BDA" id="BPMNShape_sid-28E0A3FF-561A-4575-8D83-14A0B4088BDA">
        <omgdc:Bounds height="30.0" width="30.0" x="173.0" y="70.0"></omgdc:Bounds>
      </bpmndi:BPMNShape>
      <bpmndi:BPMNShape bpmnElement="sid-CA841A9E-50CE-4E14-BE4E-4800A4E66C2A" id="BPMNShape_sid-CA841A9E-50CE-4E14-BE4E-4800A4E66C2A">
        <omgdc:Bounds height="80.0" width="100.0" x="240.0" y="45.0"></omgdc:Bounds>
      </bpmndi:BPMNShape>
      <bpmndi:BPMNShape bpmnElement="sid-B51F6C52-B314-41B4-8303-228FC8A7C5BF" id="BPMNShape_sid-B51F6C52-B314-41B4-8303-228FC8A7C5BF">
        <omgdc:Bounds height="28.0" width="28.0" x="375.0" y="71.0"></omgdc:Bounds>
      </bpmndi:BPMNShape>
      <bpmndi:BPMNEdge bpmnElement="sid-2A41B110-C4CF-4988-BB0F-5765A6EC1ED7" id="BPMNEdge_sid-2A41B110-C4CF-4988-BB0F-5765A6EC1ED7">
        <omgdi:waypoint x="340.0" y="85.0"></omgdi:waypoint>
        <omgdi:waypoint x="375.0" y="85.0"></omgdi:waypoint>
      </bpmndi:BPMNEdge>
      <bpmndi:BPMNEdge bpmnElement="sid-7DF7B319-7C5F-4970-A0D3-267414261AC5" id="BPMNEdge_sid-7DF7B319-7C5F-4970-A0D3-267414261AC5">
        <omgdi:waypoint x="203.0" y="85.0"></omgdi:waypoint>
        <omgdi:waypoint x="240.0" y="85.0"></omgdi:waypoint>
      </bpmndi:BPMNEdge>
    </bpmndi:BPMNPlane>
  </bpmndi:BPMNDiagram>
</definitions>